period_label,year,quarter,diluted_eps,total_eps_adjustment,adjusted_eps,reported_adjusted_eps,adjusted_eps_reconciliation,adjustment_count
2024-Q1,2024,Q1,1.38,0.12,1.5,1.5,0.0,6
2024-Q2,2024,Q2,1.54,0.05,1.59,1.59,0.0,3
2024-Q3,2024,Q3,1.97,-0.06,1.91,1.91,0.0,5
2024-Q4,2024,Q4,,1.93,,,,6
2025-Q1,2025,Q1,1.72,-0.03,1.69,1.69,0.0,3
2025-Q2,2025,Q2,1.95,-0.04,1.91,1.91,0.0,6
2025-Q3,2025,Q3,2.23,0.0099999999999999,2.24,2.24,-4.440892098500626e-16,6
2025-Q4,2025,Q4,,0.33,,,,5
2026-Q1,2026,Q1,1.56,0.4,1.96,1.96,0.0,4
2026-Q2,2026,Q2,1.8,0.4,2.2,2.2,0.0,5
